Unique ID,Parent ID,Depth,Username,Post Karma,Comment Karma,Achievements (Flair),Number of Awards,Comment,Upvotes,Timestamp (UTC)
1,,0,AutoModerator,1000,1000,None,0,">Namaste!
Thanks for submitting to r/developersIndia. Make sure to follow the Community [Code of Conduct](https://developersindia.in/code-of-conduct/) and [rules](https://www.reddit.com/r/developersIndia/about/rules) while participating in this thread.
 
It's possible your query is not unique, use [`site:reddit.com/r/developersindia YOUR_QUERY`](https://www.google.com/search?q=site%3Areddit.com%2Fr%2Fdevelopersindia+%22YOUR+QUERY%22&sca_esv=c839f9702c677c11&sca_upv=1&ei=RhKmZpTSC829seMP85mj4Ac&ved=0ahUKEwiUjd7iuMmHAxXNXmwGHfPMCHwQ4dUDCBA&uact=5&oq=site%3Areddit.com%2Fr%2Fdevelopersindia+%22YOUR+QUERY%22&gs_lp=Egxnd3Mtd2l6LXNlcnAiLnNpdGU6cmVkZGl0LmNvbS9yL2RldmVsb3BlcnNpbmRpYSAiWU9VUiBRVUVSWSJI5AFQAFgAcAF4AJABAJgBAKABAKoBALgBA8gBAJgCAKACAJgDAIgGAZIHAKAHAA&sclient=gws-wiz-serp) on search engines to search posts from developersIndia. You can also use [reddit search](https://www.reddit.com/r/developersIndia/search/) directly without going to any other search engine.

## Recent Announcements

- **[Call For Volunteers: Help us build r/developersIndia](https://www.reddit.com/r/developersIndia/comments/1dbrmc2/call_for_volunteers_help_us_build_rdevelopersindia/)**
- **[Updating our definition of Rule No 3 a.k.a. ""Low Quality Posts"" on developersIndia. Must Read!](https://www.reddit.com/r/developersIndia/comments/1dr6blz/updating_our_definition_of_rule_no_3_aka_low/)**

### [AMA with Rohan Pooniwala, Co-founder & CTO @ Tune AI on AI/ML, building deep tech startups & much more! - 3rd Aug, 12:00 PM IST!](https://www.reddit.com/r/developersIndia/comments/1ee6xg0/join_rohan_pooniwala_cofounder_cto_tune_ai_for_an/)

*I am a bot, and this action was performed automatically. Please [contact the moderators of this subreddit](/message/compose/?to=/r/developersIndia) if you have any questions or concerns.*",1,2024-07-29 18:24:02
2,,0,ShooBum-T,21382,41767,None,0,"ChatGPT is good, but for obscure errors, or issues with latest libraries, versions need to use stack overflow",6,2024-07-29 18:46:31
3,2,1,Deleted,N/A,N/A,None,0,Stackoverflow is useful for setup related issues and for programming issue i use chatgpt these days.,1,2024-07-29 18:50:58
4,3,2,ShooBum-T,21382,41767,None,0,"Yeah but even for programming if you're using a new library or new Java released feature, it wont be able to help. Let alone something beyond the data cutoff, as close you get to cutoff, the reliability drops very quickly",2,2024-07-29 18:53:15
5,4,3,Deleted,N/A,N/A,None,0,Yes makes sense.,1,2024-07-29 18:57:35
6,,0,cat-burglarrr,104,6827,Software Engineer,0,GitHub Copilot,3,2024-07-29 18:42:20
7,6,1,Deleted,N/A,N/A,None,0,Is this free?,2,2024-07-29 18:52:29
8,7,2,Puzzled-Crew-2333,288,2461,Fresher,0,"If ur college's email id still works, the yes",1,2024-07-29 19:40:42
9,,0,weeb__12_,92,88,Full-Stack Developer ,0,"Chatgpt is great to find something simple, but if you've a complex issue stack overflow is the way , you will find a guy who encountered the same issue 6 years ago",1,2024-07-29 18:47:15
10,9,1,Deleted,N/A,N/A,None,0,Yes i find chatgpt more useful to check the programming issue and other alternative to do it. For setup related issue stackoverflow is best.,1,2024-07-29 18:49:33
11,,0,Spanking_daddy69,987,1766,Student,0,"GitHub issues, stack overflow, even reddit for like 90% of errors, gpt for general stuff, Claude for high level programming needs (best in market for code)",1,2024-07-29 18:55:47
12,11,1,Deleted,N/A,N/A,None,0,Sorry but whats claude?,1,2024-07-29 18:58:23
13,12,2,Spanking_daddy69,987,1766,Student,0,"Best ai to write code in market, look it up you are missing out",0,2024-07-29 18:58:55
14,13,3,Deleted,N/A,N/A,None,0,Seriously? Never heard of it. Will search for it. Is it free or they are charging for it?,1,2024-07-29 19:00:07
15,,0,Deleted,N/A,N/A,None,0,"my junior installed meta ai locally  , saying now your 4090 will be of some use",1,2024-07-29 18:59:10
16,15,1,Cunnykun,3777,3943,None,0,I need one too bruh,1,2024-07-29 20:22:37
17,,0,yourrable,14322,9067,Software Engineer,0,i write my own language on potato-lemon computer,1,2024-07-29 19:32:19
18,,0,Cunnykun,3777,3943,None,0,phind ai in vscode,1,2024-07-29 20:22:10
19,,0,No_Security_4706,136,3207,None,0,Using GitHub copilot,1,2024-07-30 02:24:35
